{
    "what_is_involved": "<h3>What Is Involved</h3>\n\n<p>We will ask you to download the free study app to your phone. In the app, we will ask you questions about your health and your medical history. We will also ask you to complete the simple activities described below. These questions and activities are important for the research study.</p>\n\n<p>We will ask you to do:</p>\n<ul>\n<li><b>Health survey:</b> Answer a few questions one time (5-minutes) </li>\n<li><b>Activities:</b> Daily for 14 days every three months (10-minutes):\n<ul>\n<li>Track your symptoms, triggers and medications. </li>\n<li>Walk and/or stand still with your phone in your pocket. This is to measure your gait and balance.</li>\n<li>Tap on your phone’s screen with your fingers. This is to measure your tapping speed and coordination.</li>\n<li>Play a short memory game. To learn more about your memory and thinking.</li>\n<li>Hold your phone for 10-15 seconds. This is to measure tremor in your hand.</li>\n</ul>\n</li>\n</ul>\n\n<p>Some study activities need your phone’s sensors to be turned on. For example we use the phone’s GPS to calculate how far you travel while completing the walking activity. We do not use the GPS to find out your exact location. We also use the gyroscope to measure your gait. In addition to collecting data while you use the study app, we will ask you whether we can collect data passively each time your phone sensors are activated outside of the study app. This is to see if the measurements are different when you are doing the mPower app activities or doing normal daily activities. During passive data collection, the sensors will only be collecting data on your movement and on your finger tapping. We will not know your exact location or what you are typing on your phone. You can participate in the mPower progression study even if you do not agree to the passive data collection. You can enable or disable this passive data collection function in the mPower app at any time.</p>\n\n<p>If you participated previously in the mPower v1.0 study, you will have the option to link your existing mPower data to this study.</p>",
    "data_collection": "<h3>Data Collection, Storage, and Privacy</h3>\n\n      <p>Your privacy is important to us. We will make every effort to protect your privacy. We will process your data electronically.</p>\n\n      <p>The data we collect through the app is encrypted on the phone. This means your data is protected. Unauthorized people cannot easily understand your data when it is encrypted.</p>\n      \n      <p>We will separate the account information that identifies you from your study data. Your account information will not be stored with your survey responses or app measurements.</p>\n\n      <p>Instead of using your name or information that directly identifies you, we will create a Global Unique Identifier (GUID) for you. This code cannot be used to directly identify you. We will use your GUID instead of your name alongside your data. Only key people from our study team can link your identity to your study data.</p>\n\n      <p>We will combine your coded study data with the coded study data of other volunteers.</p>\n\n      <p>We will transfer this combined coded study data on the cloud-based Synapse data analysis platform.</p>\n\n      <p>WE WILL NEVER SELL, RENT, OR LEASE YOUR CONTACT INFORMATION. Please read our Privacy Policy for more information.</p>",
    "trends": "<h3>Data Use & Trends</h3>\f\n\n      <p>This is your data. You’ll be able to view your symptoms, triggers, medication adherence (if you track them), your activities, and data trends on the app.</p>\n\n      <p>We will analyze the combined coded study data. We will look for patterns. These patterns may help us better understand the symptoms of PD. Also, we will investigate how mobile phones and sensors perform in this type of research. Our goal is to improve the quality of life for people with PD.</p>\n\n      <p>We will not use the coded study data for commercial advertising.</p>",
    "sharing": "<h3>Sharing For Future Research</h3>\n\n      <p>The same coded study data that you donate for mPower Progression study could be used for other research. You get to decide if you want to share your coded study data with qualified researchers worldwide. If you give permission, sharing will be done without additional informed consent.</p>\n\n      <p>We have rules to qualify researchers. Qualified researchers must register on Synapse, our data analysis platform. To access the data, qualified researchers must write a short statement about their research. The research could be about any topic. The research could be on topics you disagree with or find offensive. We post the researchers’ statements on Synapse for anyone to read. They must sign an oath to use the data ethically and do no harm. Researchers will not be able to easily figure out your identity using your coded study data.</p>\n\n      <p>Anyone in the US or abroad can qualify to be a qualified researcher. The person could be from a non-profit institution, company, or private citizen.</p>\n\n      <p>You cannot take back your data once it is used in research. Your data will not be destroyed or deleted. Once we share your data, there isn’t a way for us to delete it or take it back.</p>",
    "risks": "<h3>Potential Risks</h3>\n\n      <p>This is not a medical treatment study. We do not expect medical side effects from participating in this study.</p>\n\n      <p>We take great care to protect your information. However, if there is a data breach it may be possible to identify you. This risk is low but it is not zero.</p>\n\n      <p>Some of the activities and questions we ask could be tiring, frustrating, boring or may make you feel uncomfortable. Seeing your data may generate a wide range of emotions. It could affect your mood.</p>\n\n      <p>Be aware that other people may glimpse the study notifications and/or reminders on your phone and realize you are enrolled in this study. </p>\n\n      <p>Participation in this study may involve risks that are not known at this time. You will be told of any new information that might change your decision to be in this study.</p>",
    "benefits": "<h3>Potential Benefits</h3>\n\n      <p>You may or may not benefit from volunteering for this research study. The primary benefit of this study is increasing understanding of the symptoms of PD. We will be looking for health patterns across large groups, not individual health trends.</p>\n\n      <p>You will be able to view and download your study data. You can share your data with anyone you choose. </p>",
    "not_medical": "<h3>Not Medical Care</h3>\n\n      <p>mPower Progression is a research study. The mPower app is not a diagnostic tool. It shouldn’t be used for medical care, diagnosis, or treatment.</p>\n\n      <p>The sensor data collected through the app are not yet validated as measurements of PD symptoms. We are analyzing this data to see how accurate and reliable it is. For diagnosis or treatment consult with a medical professional.</p>\n\n      <p>If you have questions or concerns related to your health, you should see a healthcare provider. You should not use mPower in place of seeing a healthcare provider.</p> <div>\n      <h3>Alternatives to Participation</h3>\n\n      <p>This is not a treatment study. Your alternative is not to participate in the study.</p>\n    </div>",
    "issues": "<h3>Issues to Consider</h3>\n\n      <p>Transmitting data collected in this study may count against your mobile data plan. You may configure the application to only use Wi-Fi connections to limit the impact this data collection has on your data plan.</p>\n\n      <p>Research may lead to patentable discoveries or commercial product(s). You will not profit from future research and discoveries. For example, you will not be paid for being in the study and/or sharing your data.</p>\n\n      <p>The risk of being injured while participating is low. There are no plans to pay for medical care or compensate you if you think you were injured as a result of taking part in the study. You will be responsible for the cost of your medical care. If you feel that the research has hurt you, please contact the Study Team at +1.833-SAGEBIO or email at PDApp@sagebase.org.</p>",
    "leaving": "<h3>Leaving The Study</h3>\n\n      <p>You may leave the study or participate in the study and change your mind at any time for any reason without being penalized or losing any benefits that you are entitled to.  The study will last 2 years. We hope that you can participate for 2 years, but it is up to you. You can participate for as long as you like.</p>\n\n      <p>If you leave the study, you withdraw your consent. You will be logged out of your account and no more data will be collected. If you wish to re-enroll at a later date you will be asked for your informed consent again.</p>\n       \n      <p>Your coded study data from before your withdrawal will continue to be used in the study. It will not be destroyed or deleted.</p>\n\n      <p>The study team may also withdraw you from the study at any time for any reason.</p>\n\n      <p>There are two ways to ask questions or to leave the study. You can do so directly from your app profile page. Or you can contact us: +1.833-SAGEBIO or email at PDApp@sagebase.org .</p>",
    "contact": "<h3>Contacts</h3>\n\n      <p>We may reach out to you. We might want to alert you to research events, like webinars. We might want to tell you about other research opportunities.</p>\n\n      <p>You can still participate in mPower even if you opt out of these follow-up notifications.</p>\n\n      <p>There are two ways to opt out of notifications. You can adjust the “permissions” setting in your mPower profile.</p>\n\n      <p>If you would like to speak to someone other than us about this study, or if you are not satisfied with the response of the research team, contact the IRB. The IRB is a group of experts who independently review research. The IRB will address any questions, concerns or complaints you have about this study. They will also help with any questions you have about your rights as a research participant. You can reach Western IRB (WIRB) at help@WIRB.com at 360-252-2500 or toll-free 800-562-4789.</p>\n\n      <p>If required by law, we may give your contact information and identifiable study data to:</p>\n\n      <ul>\n          <li>The US Department of Health and Human Services (HHS), the Office for Human Research Protection (OHRP), the Food and Drug Administration (FDA), and other agencies for review of our research procedures.</li>\n          <li>The Institutional Review Board (IRB) so they can monitor the safety, effectiveness, and conduct of our research </li>\n      </ul>\n\n      <p>Thank you for considering participating in the mPower Progression study.</p>\n\n      <p>mPower Study Team<br>\n      PDApp@sagebase.org <br>\n      +1.833-SAGEBIO</p>"
}
